{
  "sim_steps": 60,
  "switch_step": 20,
  "dt": 0.05,
  "trajectory": [
    [
      0.0,
      0.2,
      0.02,
      10.0
    ],
    [
      0.4998043571810035,
      0.18601413059964156,
      0.0022176929904467874,
      9.990626293828333
    ],
    [
      0.998805396271822,
      0.16300332132185658,
      -0.015667892536140905,
      9.980540873674332
    ],
    [
      1.497018661843851,
      0.13451591470481178,
      -0.030998302299834954,
      9.890812269077022
    ],
    [
      1.990775550239679,
      0.1066851131176976,
      -0.04027109176071124,
      9.990741181642836
    ],
    [
      2.4894410914304417,
      0.07719017413896868,
      -0.047231320622804135,
      10.068277961017301
    ],
    [
      2.991873911385942,
      0.04577657545415009,
      -0.052903697465452384,
      10.01303741249254
    ],
    [
      3.4917552112754464,
      0.01801002037943379,
      -0.05386256941146375,
      9.983020433300142
    ],
    [
      3.9900389959562412,
      -0.01140107197368774,
      -0.05574597890687575,
      10.03612625146583
    ],
    [
      4.4912807370623735,
      -0.03519796906757394,
      -0.05265860528643443,
      9.965845073248111
    ],
    [
      4.989306939222721,
      -0.05147900164232687,
      -0.045283220754246706,
      10.094609594118573
    ],
    [
      5.493777461274476,
      -0.067676208963536,
      -0.04035268822045174,
      10.071536488982261
    ],
    [
      5.997241760320076,
      -0.07832128805084995,
      -0.033185282984152506,
      10.151488027886918
    ],
    [
      6.50479753347631,
      -0.0826698609898577,
      -0.02392758014030926,
      10.103567474880283
    ],
    [
      7.009974811121977,
      -0.08161750688618138,
      -0.014192013457072022,
      10.091577747331169
    ],
    [
      7.514524167157046,
      -0.07615848676607499,
      -0.004841828875608989,
      10.097503350415161
    ],
    [
      8.01927728387695,
      -0.06505776874169208,
      0.005194751326339954,
      10.216575908629395
    ],
    [
      8.529961558663896,
      -0.05290747132568565,
      0.012230980528120404,
      10.424203632026318
    ],
    [
      9.051091950255609,
      -0.043787802233862194,
      0.01426449777893549,
      10.493498272841572
    ],
    [
      9.575626902509011,
      -0.03166968068618946,
      0.017697901951472125,
      10.604440538115885
    ],
    [
      10.105695798706964,
      -0.018927502710139398,
      0.020186518470716196,
      10.753283254443767
    ],
    [
      10.643235795463323,
      -0.007373119865278721,
      0.020706300110908,
      10.856080498345552
    ],
    [
      11.18590527502124,
      0.004711805568361477,
      0.02133330876140442,
      11.038238961906384
    ],
    [
      11.73779470300498,
      0.00969755828492858,
      0.01630469409585965,
      11.227018155310914
    ],
    [
      12.299143069730235,
      0.011386588802749762,
      0.010775759577453192,
      11.415636508859697
    ],
    [
      12.869922885880626,
      0.009872081836486385,
      0.005097554184858834,
      11.614832727599921
    ],
    [
      13.450662386079832,
      0.011447243317456422,
      0.004071479241543625,
      11.730526602990452
    ],
    [
      14.037182385023735,
      0.008722028186227727,
      0.0002837871997848503,
      11.990250437803422
    ],
    [
      14.636678921087078,
      0.00434399767399138,
      -0.0030853169963426237,
      12.104887589659604
    ],
    [
      15.241923224118644,
      0.004039787920837461,
      -0.0019274173810872176,
      12.273115728715858
    ],
    [
      15.855574531656266,
      0.0016952232495470432,
      -0.0027880106660772832,
      12.367629445499725
    ],
    [
      16.47395589746791,
      0.002058086731182225,
      -0.0012421398766267952,
      12.456706857378752
    ],
    [
      17.096772984166023,
      -0.002710649321928191,
      -0.004201539005906368,
      12.568886445408424
    ],
    [
      17.725217284290807,
      -0.0028774863652823294,
      -0.002369235997045211,
      12.647819935314581
    ],
    [
      18.35760645539168,
      -0.0013579256709395592,
      -0.00013377779024591543,
      12.730797672672551
    ],
    [
      18.99411517553539,
      0.004940696188399059,
      0.004595180425275666,
      12.804429885642142
    ],
    [
      19.634298916714677,
      0.011893341045349747,
      0.00756621799388725,
      12.673548273623776
    ],
    [
      20.267976183100913,
      0.012325400008760859,
      0.0043346984577154225,
      12.61442763324343
    ],
    [
      20.898690311873224,
      0.009300659884089372,
      6.884753266076047e-05,
      12.546490062373508
    ],
    [
      21.525963651667038,
      0.0012888313157110604,
      -0.0058983220068730274,
      12.548962937668431
    ],
    [
      22.15338403050999,
      -0.004614154369961983,
      -0.007529574300641427,
      12.622811550951798
    ],
    [
      22.784520320905752,
      -0.0069404330680380615,
      -0.005732575889761382,
      12.732354429750286
    ],
    [
      23.421100917534552,
      -0.013815555443188313,
      -0.008122075317829793,
      12.711960276704055
    ],
    [
      24.056675869923897,
      -0.019229896265108862,
      -0.008308765228061458,
      12.62506121833622
    ],
    [
      24.687867816714768,
      -0.02801358701532302,
      -0.010930304353555353,
      12.553356161669798
    ],
    [
      25.31553561439516,
      -0.027899309371287727,
      -0.005763515515586496,
      12.628771504162911
    ],
    [
      25.946973885857698,
      -0.027279960282829228,
      -0.002608908267610024,
      12.630601764935797
    ],
    [
      26.578496147202387,
      -0.02413579312944618,
      0.0009406296358465327,
      12.547307871019159
    ],
    [
      27.205857427719238,
      -0.021864068320785475,
      0.0021862706127497413,
      12.57289852557414
    ],
    [
      27.834475702569584,
      -0.016075470897125153,
      0.005456169763240048,
      12.430588540363805
    ],
    [
      28.455962449942366,
      -0.008791825548914504,
      0.008339645987772815,
      12.301922076999777
    ],
    [
      29.071048109890402,
      -0.0052074291248113014,
      0.007195001325265904,
      12.147008529286232
    ],
    [
      29.678375019943548,
      0.00013718046590583972,
      0.007917069685272709,
      11.999326816045409
    ],
    [
      30.278329001100115,
      0.003988230978924308,
      0.007251218541785292,
      11.916016377892682
    ],
    [
      30.874121847489267,
      0.007070435876162351,
      0.006334133295832816,
      11.931202624944632
    ],
    [
      31.470681235203955,
      0.006128563703364716,
      0.002837346271299034,
      11.833721359302729
    ],
    [
      32.062367231905405,
      0.006418962494607971,
      0.001808885527470462,
      11.80862288941875
    ],
    [
      32.65278439217977,
      0.0023553169861454427,
      -0.001992469409763754,
      11.790573597710932
    ],
    [
      33.242306544371665,
      -0.0004189365408985711,
      -0.0031773952110114327,
      11.78777750103647
    ],
    [
      33.83168312602798,
      -0.004225645088707233,
      -0.004610003038535098,
      11.867643874586769
    ],
    [
      34.42506187251233,
      -0.006248280920700075,
      -0.004081962808747238,
      11.951977466635885
    ]
  ],